TSN,SCIENTIFICNAME,KINGDOM,PHYLUM,CLASSNAME,ORDERNAME,FAMILY,GENUS,SPECIES,MYERSNAME,COMMONNAME1,COMMONNAME2,MYERSSCIENTIFICNAME,MYERSFAMILY171342,Anarhichas minor,Animalia,Chordata,Actinopterygii,Perciformes,Anarhichadidae,Anarhichas,minor,SPWOLF,Spotted wolffish,NA,NA,NA171341,Anarhichas lupus,Animalia,Chordata,Actinopterygii,Perciformes,Anarhichadidae,Anarhichas,lupus,STRWOLF,Striped wolffish,NA,NA,NA167123,Anoplopoma fimbria,Animalia,Chordata,Actinopterygii,Scorpaeniformes,Anoplopomatidae,Anoplopoma,fimbria,SABLEF,Sablefish,NA,NA,NA172750,Scophthalmus maeoticus,Animalia,Chordata,Actinopterygii,Pleuronectiformes,Scophthalmidae,Scophthalmus,maeoticus,TURBOT,Black Sea turbot,NA,NA,NA168598,Trachurus capensis,Animalia,Chordata,Actinopterygii,Perciformes,Carangidae,Trachurus,capensis,CTRAC,Cape horse mackerel,NA,NA,NA168590,Trachurus mediterraneus,Animalia,Chordata,Actinopterygii,Perciformes,Carangidae,Trachurus,mediterraneus,MTRAC,Mediterranean horse mackerel,NA,NA,NA168586,Trachurus symmetricus,Animalia,Chordata,Actinopterygii,Perciformes,Carangidae,Trachurus,symmetricus,STRAC,Pacific jack mackerel,South Pacific horse mackerel,NA,NA168588,Trachurus trachurus,Animalia,Chordata,Actinopterygii,Perciformes,Carangidae,Trachurus,trachurus,TRAC,Horse mackerel,Atlantic horse mackerel,NA,NA642743,Champsocephalus gunnari,Animalia,Chordata,Actinopterygii,Perciformes,Channichthyidae,Champsocephalus,gunnari,CGUN,Mackerel icefish,NA,NA,NA642960,Pseudochaenichthys georgianus,Animalia,Chordata,Actinopterygii,Perciformes,Channichthyidae,Pseudochaenichthys,georgianus,PSGEOR,South Georgia icefish,NA,NA,NA161703,Alosa aestivalis,Animalia,Chordata,Actinopterygii,Clupeiformes,Clupeidae,Alosa,aestivalis,ALOSA,Blueback shad,Blueback herring,NA,NA551288,Alosa kessleri,Animalia,Chordata,Actinopterygii,Clupeiformes,Clupeidae,Alosa,kessleri,ALOSK,Caspian anadromous shad,Black sea shad,NA,NA161706,Alosa pseudoharengus,Animalia,Chordata,Actinopterygii,Clupeiformes,Clupeidae,Alosa,pseudoharengus,ALEWIFE,Alewife,Gaspareau,NA,NA161702,Alosa sapidissima,Animalia,Chordata,Actinopterygii,Clupeiformes,Clupeidae,Alosa,sapidissima,ATLALEWIFE,Atlantic shad,American shad,NA,NA161732,Brevoortia tyrannus,Animalia,Chordata,Actinopterygii,Clupeiformes,Clupeidae,Brevoortia,tyrannus,MENAT,Atlantic menhaden,NA,NA,NA161734,Brevoortia patronus,Animalia,Chordata,Actinopterygii,Clupeiformes,Clupeidae,Brevoortia,patronus,MENGF,Gulf menhaden,NA,NA,NA161722,Clupea harengus,Animalia,Chordata,Actinopterygii,Clupeiformes,Clupeidae,Clupea,harengus,HERR,Herring,Atlantic herring,NA,NA551209,Clupea pallasii,Animalia,Chordata,Actinopterygii,Clupeiformes,Clupeidae,Clupea,pallasii,PHERR,Pacific herring,NA,NA,NA161813,Sardina pilchardus,Animalia,Chordata,Actinopterygii,Clupeiformes,Clupeidae,Sardina,pilchardus,SARDP,European pilchard,Spanish sardine,NA,NA572698,Sardinella janeiro,Animalia,Chordata,Actinopterygii,Clupeiformes,Clupeidae,Sardinella,janeiro,SARDJ,Brazilian sardinella,Brazilian sardine,NA,NA161729,Sardinops sagax,Animalia,Chordata,Actinopterygii,Clupeiformes,Clupeidae,Sardinops,sagax,SARD,Sardine,Pacific sardine,NA,NA161789,Sprattus sprattus,Animalia,Chordata,Actinopterygii,Clupeiformes,Clupeidae,Sprattus,sprattus,SPRAT,Sprat,NA,NA,NA692068,Scorpaenichthys marmoratus,Animalia,Chordata,Actinopterygii,Scorpaeniformes,Cottidae,Scorpaenichthys,marmoratus,CABEZ,Cabezon,NA,NA,NA167207,Artediellus uncinatus,Animalia,Chordata,Actinopterygii,Scorpaeniformes,Cottidae,Artediellus,uncinatus,AHSCULPIN,Arctic hookear sculpin,NA,NA,NA167439,Aspidophoroides monopterygius,Animalia,Chordata,Actinopterygii,Scorpaeniformes,Cottidae,Aspidophoroides,monopterygius,ALLIGATORFISH,Alligatorfish,NA,NA,NA167408,Cottunculus microps,Animalia,Chordata,Actinopterygii,Scorpaeniformes,Psychrolutidae,Cottunculus,microps,ARCSCULPIN,Arctic sculpin,NA,NA,NA551435,Coilia dussumieri,Animalia,Chordata,Actinopterygii,Clupeiformes,Engraulidae,Coilia,dussumieri,GANCHO,Goldspotted grenadier anchovy,NA,NA,NA161831,Engraulis encrasicolus,Animalia,Chordata,Actinopterygii,Clupeiformes,Engraulidae,Engraulis,encrasicolus,ANCHO,Anchovy,European anchovy,NA,NA161828,Engraulis mordax,Animalia,Chordata,Actinopterygii,Clupeiformes,Engraulidae,Engraulis,mordax,NANCHO,Northern anchovy,Californian anchovy,NA,NA551340,Engraulis ringens,Animalia,Chordata,Actinopterygii,Clupeiformes,Engraulidae,Engraulis,ringens,PEANCHO,Peruvian anchoveta,Anchoveta,NA,NA551338,Engraulis anchoita,Animalia,Chordata,Actinopterygii,Clupeiformes,Engraulidae,Engraulis,anchoita,ARGANCHO,Argentine anchoita,Anchoita,NA,NA164712,Gadus morhua,Animalia,Chordata,Actinopterygii,Gadiformes,Gadidae,Gadus,morhua,COD,Atlantic cod,NA,NA,NA164706,Boreogadus saida,Animalia,Chordata,Actinopterygii,Gadiformes,Gadidae,Boreogadus,saida,ARCCOD,Arctic cod,NA,NA,NA164711,Gadus macrocephalus,Animalia,Chordata,Actinopterygii,Gadiformes,Gadidae,Gadus,macrocephalus,PCOD,Pacific cod,NA,NA,NA164744,Melanogrammus aeglefinus,Animalia,Chordata,Actinopterygii,Gadiformes,Gadidae,Melanogrammus,aeglefinus,HAD,Haddock,NA,NA,NA164758,Merlangius merlangus,Animalia,Chordata,Actinopterygii,Gadiformes,Gadidae,Merlangius,merlangus,WHIT,Whiting,NA,NA,NA164774,Micromesistius poutassou,Animalia,Chordata,Actinopterygii,Gadiformes,Gadidae,Micromesistius,poutassou,BWHIT,Blue whiting,NA,NA,NA164775,Micromesistius australis,Animalia,Chordata,Actinopterygii,Gadiformes,Gadidae,Micromesistius,australis,SBWHIT,Southern blue whiting,NA,Polaca,NA164727,Pollachius virens,Animalia,Chordata,Actinopterygii,Gadiformes,Gadidae,Pollachius,virens,POLL,Pollock,Saithe,NA,NA164722,Theragra chalcogramma,Animalia,Chordata,Actinopterygii,Gadiformes,Gadidae,Theragra,chalcogramma,WPOLL,Walleye pollock,NA,NA,NA164756,Trisopterus esmarkii,Animalia,Chordata,Actinopterygii,Gadiformes,Gadidae,Trisopterus,esmarkii,NPOUT,Norway Pout,NA,NA,NA167120,Pleurogrammus monopterygius,Animalia,Chordata,Actinopterygii,Scorpaeniformes,Hexagrammidae,Pleurogrammus,monopterygius,ATKA,Atka mackerel,NA,NA,NA159911,Lamna nasus,Animalia,Chordata,Chondrichthyes,Lamniformes,Lamnidae,Lamna,nasus,PORB,Porbeagle,NA,NA,NA164499,Lophius americanus,Animalia,Chordata,Actinopterygii,Lophiiformes,Lophiidae,Lophius,americanus,MONK,Monkfish,Goosefish,NA,NA164502,Lophius budegassa,Animalia,Chordata,Actinopterygii,Lophiiformes,Lophiidae,Lophius,budegassa,BMONK,Black anglerfish,Black-bellied angler,NA,NA164501,Lophius piscatorius,Animalia,Chordata,Actinopterygii,Lophiiformes,Lophiidae,Lophius,piscatorius,MONK,Angler,Monkfish,NA,NA164740,Brosme brosme,Animalia,Chordata,Actinopterygii,Gadiformes,Gadidae,Brosme,brosme,CUSK,Cusk,Torsk,NA,NA164761,Molva dypterygia,Animalia,Chordata,Actinopterygii,Gadiformes,Gadidae,Molva,dypterygia,BLING,Blue ling,NA,NA,NA164760,Molva molva,Animalia,Chordata,Actinopterygii,Gadiformes,Gadidae,Molva,molva,LING,Ling,NA,NA,NA168860,Lutjanus synagris,Animalia,Chordata,Actinopterygii,Perciformes,Lutjanidae,Lutjanus,synagris,LSNAP,Lane snapper,Silk snapper,NA,NA168853,Lutjanus campechanus,Animalia,Chordata,Actinopterygii,Perciformes,Lutjanidae,Lutjanus,campechanus,RSNAP,Red snapper,NA,NA,NA165421,Macrourus berglax,Animalia,Chordata,Actinopterygii,Gadiformes,Macrouridae,Macrourus,berglax,RGHGRN,Roughhead grenadier,NA,NA,NA164798,Merluccius capensis,Animalia,Chordata,Actinopterygii,Gadiformes,Merlucciidae,Merluccius,capensis,CHAKE,Shallow-water cape hake,South African hake,NA,NA164795,Merluccius merluccius,Animalia,Chordata,Actinopterygii,Gadiformes,Merlucciidae,Merluccius,merluccius,HAKE,Hake,European hake,NA,NA164799,Merluccius gayi,Animalia,Chordata,Actinopterygii,Gadiformes,Merlucciidae,Merluccius,gayi,PEHAKE,Peruvian hake,NA,NA,NA164792,Merluccius productus,Animalia,Chordata,Actinopterygii,Gadiformes,Merlucciidae,Merluccius,productus,PHAKE,Pacific hake,North Pacific hake,NA,NA164791,Merluccius bilinearis,Animalia,Chordata,Actinopterygii,Gadiformes,Merlucciidae,Merluccius,bilinearis,SHAKE,Silver Hake,NA,NA,NA642916,Patagonotothen guntheri,Animalia,Chordata,Actinopterygii,Perciformes,Nototheniidae,Patagonotothen,guntheri,PATAG,Yellowfin notothen,NA,NA,NA642852,Gobionotothen gibberifrons,Animalia,Chordata,Actinopterygii,Perciformes,Nototheniidae,Gobionotothen,gibberifrons,GOBIO,Humped rockcod ,NA,NA,NA642886,Lepidonotothen squamifrons,Animalia,Chordata,Actinopterygii,Perciformes,Nototheniidae,Lepidonotothen,squamifrons,LEPSQ,Grey rockcod,NA,NA,NA171105,Notothenia rossii,Animalia,Chordata,Actinopterygii,Perciformes,Nototheniidae,Notothenia,rossii,NOTOR,Marbled rockcod,NA,NA,NA162035,Mallotus villosus,Animalia,Chordata,Actinopterygii,Osmeriformes,Osmeridae,Mallotus,villosus,CAPE,Capelin,NA,NA,NA172735,Paralichthys dentatus,Animalia,Chordata,Actinopterygii,Pleuronectiformes,Paralichthyidae,Paralichthys,dentatus,SFLOUN,Summer flounder,NA,NA,NA645441,Pseudopentaceros wheeleri,Animalia,Chordata,Actinopterygii,Perciformes,Pentacerotidae,Pseudopentaceros,wheeleri,PAHEAD,Pelagic armorhead,NA,NA,NA164730,Urophycis chuss,Animalia,Chordata,Actinopterygii,Gadiformes,Gadidae,Urophycis,chuss,RHAKE,Red hake,NA,NA,NA164732,Urophycis tenuis,Animalia,Chordata,Actinopterygii,Gadiformes,Gadidae,Urophycis,tenuis,WHAKE,White hake,NA,NA,NA172868,Eopsetta jordani,Animalia,Chordata,Actinopterygii,Pleuronectiformes,Pleuronectidae,Eopsetta,jordani,PSOLE,Petrale sole,NA,NA,NA172873,Glyptocephalus cynoglossus,Animalia,Chordata,Actinopterygii,Pleuronectiformes,Pleuronectidae,Glyptocephalus,cynoglossus,WITFLOUN,Witch flounder,NA,NA,NA172877,Hippoglossoides platessoides,Animalia,Chordata,Actinopterygii,Pleuronectiformes,Pleuronectidae,Hippoglossoides,platessoides,AMPL,American plaice,NA,NA,NA616041,Hippoglossoides dubius,Animalia,Chordata,Actinopterygii,Pleuronectiformes,Pleuronectidae,Hippoglossoides,dubius,FLFLOUN,Flathead flounder,NA,NA,NA172932,Hippoglossus stenolepis,Animalia,Chordata,Actinopterygii,Pleuronectiformes,Pleuronectidae,Hippoglossus,stenolepis,PHAL,Pacific halibut,NA,NA,NA172917,Lepidopsetta bilineata,Animalia,Chordata,Actinopterygii,Pleuronectiformes,Pleuronectidae,Lepidopsetta,bilineata,RSOLE,Rock sole,NA,NA,NA172881,Limanda limanda,Animalia,Chordata,Actinopterygii,Pleuronectiformes,Pleuronectidae,Limanda,limanda,DAB,Common dab,NA,NA,NA172911,Limanda proboscidea,Animalia,Chordata,Actinopterygii,Pleuronectiformes,Pleuronectidae,Limanda,proboscidea,LHDAB,Longhead dab,NA,NA,NA616064,Limanda sakhalinensis,Animalia,Chordata,Actinopterygii,Pleuronectiformes,Pleuronectidae,Limanda,sakhalinensis,SAKFLOUN,Sakalin flounder,NA,NA,NA172909,Limanda ferruginea,Animalia,Chordata,Actinopterygii,Pleuronectiformes,Pleuronectidae,Limanda,ferruginea,YELL,Yellowtail flounder,NA,NA,NA172907,Limanda aspera,Animalia,Chordata,Actinopterygii,Pleuronectiformes,Pleuronectidae,Limanda,aspera,YSOLE,Yellowfin sole,NA,NA,NA172921,Parophrys vetulus,Animalia,Chordata,Actinopterygii,Pleuronectiformes,Pleuronectidae,Parophrys,vetulus,ESOLE,English sole,NA,NA,NA172894,Platichthys flesus,Animalia,Chordata,Actinopterygii,Pleuronectiformes,Pleuronectidae,Platichthys,flesus,FLOUN,Flounder,NA,NA,NA172893,Platichthys stellatus,Animalia,Chordata,Actinopterygii,Pleuronectiformes,Pleuronectidae,Platichthys,stellatus,STFLOUN,Starry flounder,NA,NA,NA172901,Pleuronectes quadrituberculatus,Animalia,Chordata,Actinopterygii,Pleuronectiformes,Pleuronectidae,Pleuronectes,quadrituberculatus,ALPLAIC,Alaska plaice,NA,NA,NA172902,Pleuronectes platessa,Animalia,Chordata,Actinopterygii,Pleuronectiformes,Pleuronectidae,Pleuronectes,platessa,PLAIC,European Plaice,Plaice,NA,NA172905,Pseudopleuronectes americanus,Animalia,Chordata,Actinopterygii,Pleuronectiformes,Pleuronectidae,Pseudopleuronectes,americanus,WINFLOUN,Winter flounder,NA,NA,NA172930,Reinhardtius hippoglossoides,Animalia,Chordata,Actinopterygii,Pleuronectiformes,Pleuronectidae,Reinhardtius,hippoglossoides,GHAL,Greenland halibut,Greenland turbot,NA,NA168559,Pomatomus saltatrix,Animalia,Chordata,Actinopterygii,Perciformes,Pomatomidae,Pomatomus,saltatrix,BLUEFISH,Bluefish,NA,NA,NA564149,Amblyraja radiata,Animalia,Chordata,Chondrichthyes,Rajiformes,Rajidae,Amblyraja,radiata,THSKAT,Thorny skate,NA,NA,NA564139,Dipturus laevis,Animalia,Chordata,Chondrichthyes,Rajiformes,Rajidae,Dipturus,laevis,BSKAT,Barndoor skate,NA,NA,NA564130,Leucoraja erinacea,Animalia,Chordata,Chondrichthyes,Rajiformes,Rajidae,Leucoraja,erinacea,LSKAT,Little skate,NA,NA,NA564136,Leucoraja garmani,Animalia,Chordata,Chondrichthyes,Rajiformes,Rajidae,Leucoraja,garmani,RSKAT,Rosette skate,Freckled skate,NA,NA564145,Leucoraja ocellata,Animalia,Chordata,Chondrichthyes,Rajiformes,Rajidae,Leucoraja,ocellata,WSKAT,Winter skate,NA,NA,NA564151,Malacoraja senta,Animalia,Chordata,Chondrichthyes,Rajiformes,Rajidae,Malacoraja,senta,SSKAT,Smooth skate,NA,NA,NA160855,Raja eglanteria,Animalia,Chordata,Chondrichthyes,Rajiformes,Rajidae,Raja,eglanteria,CSKAT,Clearnose skate,NA,NA,NA172412,Scomber japonicus,Animalia,Chordata,Actinopterygii,Perciformes,Scombridae,Scomber,japonicus,CMACK,Chub mackerel,Pacific chub mackerel,NA,NA172414,Scomber scombrus,Animalia,Chordata,Actinopterygii,Perciformes,Scombridae,Scomber,scombrus,MACK,Mackerel,Atlantic mackerel,NA,NA172435,Scomberomorus cavalla,Animalia,Chordata,Actinopterygii,Perciformes,Scombridae,Scomberomorus,cavalla,KMACK,King Mackerel,NA,NA,NA172419,Thunnus alalunga,Animalia,Chordata,Actinopterygii,Perciformes,Scombridae,Thunnus,alalunga,ALBA,Albacore tuna,NA,NA,NA172421,Thunnus thynnus,Animalia,Chordata,Actinopterygii,Perciformes,Scombridae,Thunnus,thynnus,ATBTUNA,Atlantic bluefin tuna,Northern bluefin tuna,NA,NA172428,Thunnus obesus,Animalia,Chordata,Actinopterygii,Perciformes,Scombridae,Thunnus,obesus,BIGEYE,Bigeye tuna,NA,NA,NA172431,Thunnus maccoyii,Animalia,Chordata,Actinopterygii,Perciformes,Scombridae,Thunnus,maccoyii,SBTUNA,Southern bluefin tuna,NA,NA,NA172423,Thunnus albacares,Animalia,Chordata,Actinopterygii,Perciformes,Scombridae,Thunnus,albacares,YFIN,Yellowfin tuna,NA,NA,NA172834,Lepidorhombus boscii,Animalia,Chordata,Actinopterygii,Pleuronectiformes,Scophthalmidae,Lepidorhombus,boscii,FMEG,Fourspotted megrim,NA,NA,NA172835,Lepidorhombus whiffiagonis,Animalia,Chordata,Actinopterygii,Pleuronectiformes,Scophthalmidae,Lepidorhombus,whiffiagonis,MEG,Megrim,NA,NA,NA172746,Scophthalmus aquosus,Animalia,Chordata,Actinopterygii,Pleuronectiformes,Scophthalmidae,Scophthalmus,aquosus,WINDOW,Windowpane,Windowpane flounder,NA,NA166827,Scorpaena guttata,Animalia,Chordata,Actinopterygii,Scorpaeniformes,Scorpaenidae,Scorpaena,guttata,CALSCORP,California scorpionfish,NA,NA,NA166774,Sebastes fasciatus,Animalia,Chordata,Actinopterygii,Scorpaeniformes,Scorpaenidae,Sebastes,fasciatus,ACADRED,Acadian redfish,Redfish,NA,NA166733,Sebastes paucispinis,Animalia,Chordata,Actinopterygii,Scorpaeniformes,Scorpaenidae,Sebastes,paucispinis,BOCACC,Bocaccio,NA,NA,NA166722,Sebastes goodei,Animalia,Chordata,Actinopterygii,Scorpaeniformes,Scorpaenidae,Sebastes,goodei,CHILI,Chilipepper rockfish,Chilipepper,NA,NA166754,Sebastes levis,Animalia,Chordata,Actinopterygii,Scorpaeniformes,Scorpaenidae,Sebastes,levis,COWCOD,Cowcod,NA,NA,NA166715,Sebastes crameri,Animalia,Chordata,Actinopterygii,Scorpaeniformes,Scorpaenidae,Sebastes,crameri,DKROCK,Darkblotched rockfish,NA,NA,NA166767,Sebastes carnatus,Animalia,Chordata,Actinopterygii,Scorpaeniformes,Scorpaenidae,Sebastes,carnatus,GOPHER,Gopher rockfish,NA,NA,NA166707,Sebastes alutus,Animalia,Chordata,Actinopterygii,Scorpaeniformes,Scorpaenidae,Sebastes,alutus,POPERCH,Pacific ocean perch,NA,NA,NA167862,Serranus scriba,Animalia,Chordata,Actinopterygii,Perciformes,Serranidae,Serranus,scriba,REDMAR,Ocean perch,Redfish,NA,NA166756,Sebastes mentella,Animalia,Chordata,Actinopterygii,Scorpaeniformes,Scorpaenidae,Sebastes,mentella,REDMEN,Deepwater redfish,Redfish,NA,NA166781,Sebastes norvegicus,Animalia,Chordata,Actinopterygii,Scorpaeniformes,Scorpaenidae,Sebastes,norvegicus,GOLDRED,Golden Redfish,NA,NA,NA166729,Sebastes miniatus,Animalia,Chordata,Actinopterygii,Scorpaeniformes,Scorpaenidae,Sebastes,miniatus,VERMIL,Vermilion rockfish,NA,NA,NA166719,Sebastes entomelas,Animalia,Chordata,Actinopterygii,Scorpaeniformes,Scorpaenidae,Sebastes,entomelas,WROCK,Widow rockfish,NA,NA,NA173002,Solea solea,Animalia,Chordata,Actinopterygii,Pleuronectiformes,Soleidae,Solea,solea,SOLE,Sole,Common sole,NA,NA647939,Dentex tumifrons,Animalia,Chordata,Actinopterygii,Perciformes,Sparidae,Dentex,tumifrons,YSBREAM,Yellowback seabream,Yellow sea bream,NA,NA169231,Chrysophrys auratus,Animalia,Chordata,Actinopterygii,Perciformes,Sparidae,Chrysophrys,auratus,NZSNAP,New Zealand snapper,Snapper,NA,NA169207,Pagrus pagrus,Animalia,Chordata,Actinopterygii,Perciformes,Sparidae,Pagrus,pagrus,RPORGY,Common seabream,Red porgy,NA,NA647892,Pagrus major,Animalia,Chordata,Actinopterygii,Perciformes,Sparidae,Pagrus,major,SBREAM,Red seabream,Sea bream,NA,NA169182,Stenotomus chrysops,Animalia,Chordata,Actinopterygii,Perciformes,Sparidae,Stenotomus,chrysops,SCUP,Scup,NA,NA,NA172482,Xiphias gladius,Animalia,Chordata,Actinopterygii,Perciformes,Xiphiidae,Xiphias,gladius,SWORD,Swordfish,NA,NA,NA630979,Zoarces americanus,Animalia,Chordata,Actinopterygii,Perciformes,Zoarcidae,Zoarces,americanus,OPOUT,Ocean pout,NA,NA,NA162064,Argentina silus,Animalia,Chordata,Actinopterygii,Osmeriformes,Argentinidae,Argentina,silus,ARGEN,Atlantic argentine,NA,NA,NA162144,Esox masquinongy,Animalia,Chordata,Actinopterygii,Esociformes,Esocidae,Esox,masquinongy,MASKINOGIES,Maskinonge,NA,NA,NA162139,Esox lucius,Animalia,Chordata,Actinopterygii,Esociformes,Esocidae,Esox,lucius,PIKE,Pike,NA,NA,NA162027,Plecoglossus altivelis,Animalia,Chordata,Actinopterygii,Osmeriformes,Osmeridae,Plecoglossus,altivelis,AYU,Ayu,NA,NA,NA161996,Salmo salar,Animalia,Chordata,Actinopterygii,Salmoniformes,Salmonidae,Salmo,salar,ASAL,Atlantic salmon,NA,NA,NA623394,Coregonus hoyi,Animalia,Chordata,Actinopterygii,Salmoniformes,Salmonidae,Coregonus,hoyi,BLO,Bloater,NA,NA,NA161997,Salmo trutta,Animalia,Chordata,Actinopterygii,Salmoniformes,Salmonidae,Salmo,trutta,BRNTRO,Brown Trout,NA,NA,NA162003,Salvelinus fontinalis,Animalia,Chordata,Actinopterygii,Salmoniformes,Salmonidae,Salvelinus,fontinalis,BTRO,Freshwater brook trout,NA,NA,NA161980,Oncorhynchus tshawytscha,Animalia,Chordata,Actinopterygii,Salmoniformes,Salmonidae,Oncorhynchus,tshawytscha,CHNK,Chinook salmon,NA,NA,NA161976,Oncorhynchus keta,Animalia,Chordata,Actinopterygii,Salmoniformes,Salmonidae,Oncorhynchus,keta,CHUM,Chum salmon,NA,NA,NA161977,Oncorhynchus kisutch,Animalia,Chordata,Actinopterygii,Salmoniformes,Salmonidae,Oncorhynchus,kisutch,COHO,Coho salmon,NA,NA,NA162002,Salvelinus namaycush,Animalia,Chordata,Actinopterygii,Salmoniformes,Salmonidae,Salvelinus,namaycush,LTRO,Lake trout,NA,NA,NA161941,Coregonus clupeaformis,Animalia,Chordata,Actinopterygii,Salmoniformes,Salmonidae,Coregonus,clupeaformis,LWHFSH,Lake Whitefish,NA,NA,NA161975,Oncorhynchus gorbuscha,Animalia,Chordata,Actinopterygii,Salmoniformes,Salmonidae,Oncorhynchus,gorbuscha,PINK,Pink salmon,NA,NA,NA161979,Oncorhynchus nerka,Animalia,Chordata,Actinopterygii,Salmoniformes,Salmonidae,Oncorhynchus,nerka,SOCK,Sockeye salmon,NA,NA,NA161989,Oncorhynchus mykiss,Animalia,Chordata,Actinopterygii,Salmoniformes,Salmonidae,Oncorhynchus,mykiss,STRO,Steelhead trout,NA,NA,NA161963,Coregonus albula,Animalia,Chordata,Actinopterygii,Salmoniformes,Salmonidae,Coregonus,albula,VENDACE,Vendace,NA,NA,NA161950,Coregonus lavaretus,Animalia,Chordata,Actinopterygii,Salmoniformes,Salmonidae,Coregonus,lavaretus,WHFSH,Whitefish,NA,NA,NA172978,Glyptocephalus zachirus,Animalia,Chordata,Actinopterygii,Pleuronectiformes,Pleuronectidae,Glyptocephalus,zachirus,REXSOLE,Rex sole,NA,NA,NA616029,Reinhardtius stomias,Animalia,Chordata,Actinopterygii,Pleuronectiformes,Pleuronectidae,Reinhardtius,stomias,ARFLOUND,Arrowtooth flounder,NA,NA,NA616392,Lepidopsetta polyxystra,Animalia,Chordata,Actinopterygii,Pleuronectiformes,Pleuronectidae,Lepidopsetta,polyxystra,NRSOLE,Northern rock sole,NA,NA,NA172875,Hippoglossoides elassodon,Animalia,Chordata,Actinopterygii,Pleuronectiformes,Pleuronectidae,Hippoglossoides,elassodon,FLSOLE,Flathead sole,NA,NA,NA166735,Sebastes polyspinis,Animalia,Chordata,Actinopterygii,Scorpaeniformes,Scorpaenidae,Sebastes,polyspinis,NROCK,Northern rockfish,NA,NA,NA166706,Sebastes aleutianus,Animalia,Chordata,Actinopterygii,Scorpaeniformes,Scorpaenidae,Sebastes,aleutianus,REYEROCK,Rougheye rockfish,NA,NA,NA172933,Hippoglossus hippoglossus,Animalia,Chordata,Actinopterygii,Pleuronectiformes,Pleuronectidae,Hippoglossus,hippoglossus,ATHAL,Atlantic Halibut,NA,NA,NA97314,Homarus americanus,Animalia,Arthropoda,Malacostraca,Decapoda,Nephropidae,Homarus,americanus,LOBSTER,American lobster,NA,NA,NA170479,Tautoga onitis,Animalia,Chordata,Actinopterygii,Perciformes,Labridae,Tautoga,onitis,TAUTOG,Tautog,NA,NA,NA171677,Ammodytes marinus,Animalia,Chordata,Actinopterygii,Perciformes,Ammodytidae,Ammodytes,marinus,SEEL,Sand eel,Sand lance,NA,NA171674,Ammodytes dubius,Animalia,Chordata,Actinopterygii,Perciformes,Ammodytidae,Ammodytes,dubius,SANDLANCE,Northern sand lance,NA,NA,NA173001,Solea vulgaris,Animalia,Chordata,Actinopterygii,Pleuronectiformes,Soleidae,Solea,vulgaris,SOLE,common European sole,common sole,NA,NA550883,Rexea solandri,Animalia,Chordata,Actinopterygii,Perciformes,Gempylidae,Rexea,solandri,GEMFISH,common gemfish,hake,NA,NA170262,Nemadactylus macropterus,Animalia,Chordata,Actinopterygii,Perciformes,Cheilodactylidae,Nemadactylus,macropterus,MORWONG,Hawaiian morwong,Jackass morwong,NA,NA172534,Seriolella punctata,Animalia,Chordata,Actinopterygii,Perciformes,Centrolophidae,Seriolella,punctata,SILVERFISH,Silverfish,NA,NA,NA644187,Neoplatycephalus richardsoni,Animalia,Chordata,Actinopterygii,Scorpaeniformes,Platycephalidae,Neoplatycephalus,richardsoni,TIGERFLAT,Tiger flathead,NA,NA,NA646043,Sillago flindersi,Animalia,Chordata,Actinopterygii,Perciformes,Sillaginidae,Sillago,flindersi,SWHIT,School whiting,NA,NA,NA172567,Peprilus triacanthus,Animalia,Chordata,Actinopterygii,Perciformes,Stromateidae,Peprilus,triacanthus,BUTTER,Atlantic butterfish,butterfish,NA,NA160200,Rhizoprionodon terraenovae,Animalia,Chordata,Chondrichthyes,Carcharhiniformes,Carcharhinidae,Rhizoprionodon,terraenovae,SNOSESHAR,Atlantic sharpnose shark,NA,NA,NA80944,Spisula solidissima,Animalia,Mollusca,Bivalvia,Veneroida,Mactridae,Spisula,solidissima,SURF,Atlantic surfclam,NA,NA,NA166727,Sebastes melanops,Animalia,Chordata,Actinopterygii,Scorpaeniformes,Scorpaenidae,Sebastes,melanops,BLACKROCK,Black rockfish,NA,NA,NA167687,Centropristis striata,Animalia,Chordata,Actinopterygii,Perciformes,Serranidae,Centropristis,striata,BSBASS,Black sea bass,NA,NA,NA160304,Carcharhinus acronotus,Animalia,Chordata,Chondrichthyes,Carcharhiniformes,Carcharhinidae,Carcharhinus,acronotus,BNOSESHAR,Blacknose shark,NA,NA,NA160318,Carcharhinus limbatus,Animalia,Chordata,Chondrichthyes,Carcharhiniformes,Carcharhinidae,Carcharhinus,limbatus,BTIPSHAR,Blacktip shark,NA,NA,NA97936,Paralithodes platypus,Animalia,Arthropoda,Malacostraca,Decapoda,Lithodidae,Paralithodes,platypus,BKINGCRAB,Blue king crab,NA,NA,NA166730,Sebastes mystinus,Animalia,Chordata,Actinopterygii,Scorpaeniformes,Scorpaenidae,Sebastes,mystinus,BLUEROCK,Blue rockfish,NA,NA,NA160502,Sphyrna tiburo,Animalia,Chordata,Chondrichthyes,Carcharhiniformes,Sphyrnidae,Sphyrna,tiburo,BHEADSHAR,Bonnethead shark,NA,NA,NA96028,Sicyonia brevirostris,Animalia,Arthropoda,Malacostraca,Decapoda,Sicyoniidae,Sicyonia,brevirostris,BRNROCKSHRIMP,Brown rock shrimp,NA,NA,NA551570,Farfantepenaeus aztecus,Animalia,Arthropoda,Malacostraca,Decapoda,Penaeidae,Farfantepenaeus,aztecus,BRNSHRIMP,Brown shrimp,NA,NA,NA166734,Sebastes pinniger,Animalia,Chordata,Actinopterygii,Scorpaeniformes,Scorpaenidae,Sebastes,pinniger,CROCK,Canary rockfish,NA,NA,NA172887,Microstomus pacificus,Animalia,Chordata,Actinopterygii,Pleuronectiformes,Pleuronectidae,Microstomus,pacificus,DSOLE,Dover sole,NA,NA,NA166714,Sebastes ciliatus,Animalia,Chordata,Actinopterygii,Scorpaeniformes,Scorpaenidae,Sebastes,ciliatus,DUSKYROCK,Dusky rockfish,NA,NA,NA160268,Carcharhinus obscurus,Animalia,Chordata,Chondrichthyes,Carcharhiniformes,Carcharhinidae,Carcharhinus,obscurus,DUSKYSHAR,Dusky shark,NA,NA,NA160409,Carcharhinus isodon,Animalia,Chordata,Chondrichthyes,Carcharhiniformes,Carcharhinidae,Carcharhinus,isodon,FTOOTHSHAR,Finetooth shark,NA,NA,NA167759,Mycteroperca microlepis,Animalia,Chordata,Actinopterygii,Perciformes,Serranidae,Mycteroperca,microlepis,GAG,Gag,NA,NA,NA173138,Balistes capriscus,Animalia,Chordata,Actinopterygii,Tetraodontiformes,Balistidae,Balistes,capriscus,GTRIG,Gray triggerfish,NA,NA,NA168689,Seriola dumerili,Animalia,Chordata,Actinopterygii,Perciformes,Carangidae,Seriola,dumerili,GRAMBER,Greater amberjack,NA,NA,NA160851,Raja rhina,Animalia,Chordata,Chondrichthyes,Rajiformes,Rajidae,Raja,rhina,LNOSESKA,Longnose skate,NA,NA,NA82521,Illex illecebrosus,Animalia,Mollusca,Cephalopoda,Teuthida,Ommastrephidae,Illex,illecebrosus,ILLEX,Northern shortfin squid,NA,NA,NA96967,Pandalus borealis,Animalia,Arthropoda,Malacostraca,Decapoda,Pandalidae,Pandalus,borealis,PANDAL,Northern shrimp,NA,NA,NA81343,Arctica islandica,Animalia,Mollusca,Bivalvia,Veneroida,Arcticidae,Arctica,islandica,QUAH,Ocean quahog,NA,NA,NA551574,Farfantepenaeus duorarum,Animalia,Arthropoda,Malacostraca,Decapoda,Penaeidae,Farfantepenaeus,duorarum,PINKSHRIMP,Pink shrimp,Northern pink shrimp,NA,NA620992,Chaceon quinquedens,Animalia,Arthropoda,Malacostraca,Decapoda,Geryonidae,Chaceon,quinquedens,RDEEPCRAB,Red deepsea crab,NA,NA,NA167702,Epinephelus morio,Animalia,Chordata,Actinopterygii,Perciformes,Serranidae,Epinephelus,morio,RGROUP,Red grouper,NA,NA,NA97935,Paralithodes camtschaticus,Animalia,Arthropoda,Malacostraca,Decapoda,Lithodidae,Paralithodes,camtschaticus,RKCRAB,Red king crab,NA,NA,NA95966,Pleoticus robustus,Animalia,Arthropoda,Malacostraca,Decapoda,Solenoceridae,Pleoticus,robustus,ROYALRSHRIMP,Royal red shrimp,NA,NA,NA160289,Carcharhinus plumbeus,Animalia,Chordata,Chondrichthyes,Carcharhiniformes,Carcharhinidae,Carcharhinus,plumbeus,SBARSHAR,Sandbar shark,NA,NA,NA79718,Placopecten magellanicus,Animalia,Mollusca,Bivalvia,Ostreoida,Pectinidae,Placopecten,magellanicus,SCALL,Sea scallop,NA,NA,NA166725,Sebastes jordani,Animalia,Chordata,Actinopterygii,Scorpaeniformes,Scorpaenidae,Sebastes,jordani,SBELLYROCK,Shortbelly rockfish,NA,NA,NA166712,Sebastes borealis,Animalia,Chordata,Actinopterygii,Scorpaeniformes,Scorpaenidae,Sebastes,borealis,SRAKEROCK,Shortraker rockfish,NA,NA,NA98428,Chionoecetes opilio,Animalia,Arthropoda,Malacostraca,Decapoda,Oregoniidae,Chionoecetes,opilio,SNOWCRAB,Snow crab,NA,NA,NA167705,Epinephelus niveatus,Animalia,Chordata,Actinopterygii,Perciformes,Serranidae,Epinephelus,niveatus,SNOWGROUP,Snowy grouper,NA,NA,NA172436,Scomberomorus maculatus,Animalia,Chordata,Actinopterygii,Perciformes,Scombridae,Scomberomorus,maculatus,SPANMACK,Spanish mackerel,NA,NA,NA160617,Squalus acanthias,Animalia,Chordata,Chondrichthyes,Squaliformes,Squalidae,Squalus,acanthias,SDOG,Spiny dogfish,NA,NA,NA160703,Centroscyllium fabricii,Animalia,Chordata,Chondrichthyes,Squaliformes,Etmopteridae,Centroscyllium,fabricii,BDOG,Black dogfish,NA,NA,NA167680,Morone saxatilis,Animalia,Chordata,Actinopterygii,Perciformes,Moronidae,Morone,saxatilis,STRIPEDBASS,Striped bass,NA,NA,NA168546,Lopholatilus chamaeleonticeps,Animalia,Chordata,Actinopterygii,Perciformes,Malacanthidae,Lopholatilus,chamaeleonticeps,TILE,Tilefish,NA,NA,NA168909,Rhomboplites aurorubens,Animalia,Chordata,Actinopterygii,Perciformes,Lutjanidae,Rhomboplites,aurorubens,VSNAP,Vermilion snapper,NA,NA,NA551680,Litopenaeus setiferus,Animalia,Arthropoda,Malacostraca,Decapoda,Penaeidae,Litopenaeus,setiferus,WSHRIMP,White shrimp,NA,NA,NA166740,Sebastes ruberrimus,Animalia,Chordata,Actinopterygii,Scorpaeniformes,Scorpaenidae,Sebastes,ruberrimus,YEYEROCK,Yelloweye rockfish,NA,NA,NA623193,Macruronus novaezelandiae,Animalia,Chordata,Actinopterygii,Gadiformes,Merlucciidae,Macruronus,novaezelandiae,HOKI,Hoki,New Zealand whiptail,NA,NA168469,Perca flavescens,Animalia,Chordata,Actinopterygii,Perciformes,Percidae,Perca,flavescens,YPER,Yellow perch,NA,NA,NA172401,Katsuwonus pelamis,Animalia,Chordata,Actinopterygii,Perciformes,Scombridae,Katsuwonus,pelamis,SKJ,Skipjack tuna,NA,NA,NA95625,Penaeus esculentus,Animalia,Arthropoda,Malacostraca,Decapoda,Penaeidae,Penaeus,esculentus,BTSHRIMP,Brown tiger shrimp,Brown tiger prawn,NA,NA95644,Penaeus semisulcatus,Animalia,Arthropoda,Malacostraca,Decapoda,Penaeidae,Penaeus,semisulcatus,GTPRAWN,Green tiger prawn,Grooved Tiger Prawn,NA,NA166139,Hoplostethus atlanticus,Animalia,Chordata,Actinopterygii,Beryciformes,Trachichthyidae,Hoplostethus,atlanticus,OROUGHY,Orange roughy,NA,NA,NA172531,Seriolella brama,Animalia,Chordata,Actinopterygii,Perciformes,Centrolophidae,Seriolella,brama,WAREHOU,whario,Blue Warehou,NA,NA644351,Platycephalus conatus,Animalia,Chordata,Actinopterygii,Scorpaeniformes,Platycephalidae,Platycephalus,conatus,DEEPFLATHEAD,Deepwater flathead,NA,NA,NA622143,Centroberyx gerrardi,Animalia,Chordata,Actinopterygii,Beryciformes,Berycidae,Centroberyx,gerrardi,BIGHTRED,Bight redfish,NA,NA,NA167612,Cyclopterus lumpus,Animalia,Chordata,Actinopterygii,Scorpaeniformes,Cyclopteridae,Cyclopterus,lumpus,LUMPFISH,Lumpfish,NA,NA,NA164748,Enchelyopus cimbrius,Animalia,Chordata,Actinopterygii,Gadiformes,Gadidae,Enchelyopus,cimbrius,FBROCKLING,Fourbeard rockling,NA,NA,NA164717,Gadus ogac,Animalia,Chordata,Actinopterygii,Gadiformes,Gadidae,Gadus,ogac,GRCOD,Greenland cod,NA,NA,NA201978,Gasterosteus aculeatus aculeatus,Animalia,Chordata,Actinopterygii,Gasterosteiformes,Gasterosteidae,Gasterosteus,aculeatus aculeatus,TSSTICKLEBACK,Threespine stickleback,NA,NA,NA167289,Hemitripterus americanus,Animalia,Chordata,Actinopterygii,Scorpaeniformes,Hemitripteridae,Hemitripterus,americanus,SEARAVEN,Sea raven,Sea sculpin,NA,NA167375,Triglops murrayi,Animalia,Chordata,Actinopterygii,Scorpaeniformes,Cottidae,Triglops,murrayi,MSCULPIN,Mailed sculpin,Moustache sculpin,NA,NA170481,Tautogolabrus adspersus,Animalia,Chordata,Actinopterygii,Perciformes,Labridae,Tautogolabrus,adspersus,CUNNER,Cunner,NA,NA,NA171596,Stichaeus punctatus,Animalia,Chordata,Actinopterygii,Perciformes,Stichaeidae,Stichaeus,punctatus,ARCSHINNY,Arctic shinny,NA,NA,NA164734,Phycis chesteri,Animalia,Chordata,Actinopterygii,Gadiformes,Gadidae,Phycis,chesteri,LFHAKE,Longfin hake,NA,NA,NA162041,Osmerus mordax,Animalia,Chordata,Actinopterygii,Osmeriformes,Osmeridae,Osmerus,mordax,RBSMELT,Rainbow smelt,NA,NA,NA162043,Osmerus mordax mordax,Animalia,Chordata,Actinopterygii,Osmeriformes,Osmeridae,Osmerus,mordax mordax,RBSMELT,Rainbow smelt,NA,NA,NA644687,Arctozenus risso,Animalia,Chordata,Actinopterygii,Aulopiformes,Paralepididae,Arctozenus,risso,WBARRACUDINA,White barracudina,NA,NA,NA167192,Icelus spatula,Animalia,Chordata,Actinopterygii,Scorpaeniformes,Cottidae,Icelus,spatula,SPSCULPIN,spatulate sculpin,NA,NA,NA167478,Leptagonus decagonus,Animalia,Chordata,Actinopterygii,Scorpaeniformes,Agonidae,Leptagonus,decagonus,ATLPOACHER,Atlantic poacher,NA,NA,NA171603,Leptoclinus maculatus,Animalia,Chordata,Actinopterygii,Perciformes,Stichaeidae,Leptoclinus,maculatus,DSHANNY,Daubed shanny,NA,NA,NA165395,Nezumia bairdii,Animalia,Chordata,Actinopterygii,Gadiformes,Macrouridae,Nezumia,bairdii,COMGRENADIER,Common grenadier,NA,NA,NA159772,Myxine glutinosa,Animalia,Chordata,Myxini,Myxiniformes,Myxinidae,Myxine,glutinosa,ATLHAGFISH,Atlantic hagfish,NA,NA,NA167318,Myoxocephalus scorpius,Animalia,Chordata,Actinopterygii,Scorpaeniformes,Cottidae,Myoxocephalus,scorpius,SHORNSCULPIN,Shorthorn sculpin,NA,NA,NA167317,Myoxocephalus scorpioides,Animalia,Chordata,Actinopterygii,Scorpaeniformes,Cottidae,Myoxocephalus,scorpioides,ARCSCULPIN,Arctic sculpin,NA,NA,NA167320,Myoxocephalus octodecemspinosus,Animalia,Chordata,Actinopterygii,Scorpaeniformes,Cottidae,Myoxocephalus,octodecemspinosus,LHORNSCULPIN,Longhorn sculpin,NA,NA,NA165296,Melanostigma atlanticum,Animalia,Chordata,Actinopterygii,Perciformes,Zoarcidae,Melanostigma,atlanticum,ATLSPOUT,Atlantic soft pout,NA,NA,NA631028,Gymnelus viridis,Animalia,Chordata,Actinopterygii,Perciformes,Zoarcidae,Gymnelus,viridis,FISHDOCTOR,Fish doctor,NA,NA,NA631023,Lumpenus lampretaeformis,Animalia,Chordata,Actinopterygii,Perciformes,Stichaeidae,Lumpenus,lampretaeformis,SNAKEBLENNY,Snakeblenny,NA,NA,NA166705,Sebastes spp,Animalia,Chordata,Actinopterygii,Scorpaeniformes,Scorpaenidae,Sebastes,spp,SEBASTES,Sebastes species,NA,NA,NA167550,Liparis spp,Animalia,Chordata,Actinopterygii,Scorpaeniformes,Liparidae,Liparis,spp,LIPARIS,Snailfishes,NA,NA,NA165255,Lycodes spp,Animalia,Chordata,Actinopterygii,Perciformes,Zoarcidae,Lycodes,spp,LYCODES,Eelpouts,NA,NA,NA165280,Lycodes reticulatus,Animalia,Chordata,Actinopterygii,Perciformes,Zoarcidae,Lycodes,reticulatus,ARCEELPOUT,Arctic eelpout,NA,NA,NA172719,Citharichthys arctifrons,Animalia,Chordata,Actinopterygii,Pleuronectiformes,Paralichthyidae,Citharichthys,arctifrons,GSFLOUNDER,Gulf Stream flounder,NA,NA,NA166787,Helicolenus dactylopterus,Animalia,Chordata,Actinopterygii,Scorpaeniformes,Scorpaenidae,Helicolenus,dactylopterus,BBROSEFISH,Blackbelly rosefish,NA,NA,NULL 172783,Hippoglossina oblonga,Animalia,Chordata,Actinopterygii,Pleuronectiformes,Paralichthyidae,Hippoglossina,oblonga,FSFLOUNDER,Fourspot flounder,NA,NA,NA165284,Lycodes vahlii,Animalia,Chordata,Actinopterygii,Perciformes,Zoarcidae,Lycodes,vahlii,CEELPOUT,Checker eelpout,NA,NA,NA161701,Alosa spp,Animalia,Chordata,Actinopterygii,Clupeiformes,Clupeidae,Alosa,spp,ALEWIFESPP,River herring species,NA,NA,NA98671,Cancer spp,Animalia,Arthropoda,Malacostraca,Decapoda,Cancridae,Cancer,spp,CANCERSPP,True crab species,NA,NA,NA82703,Limulus polyphemus,Animalia,Arthropoda,Merostomata,Xiphosura,Limulidae,Limulus,polyphemus,HORSESHOECRAB,Horseshoe crab,NA,NA,NA98714,Ovalipes ocellatus,Animalia,Arthropoda,Malacostraca,Decapoda,Portunidae,Ovalipes,ocellatus,LADYCRAB,Lady crab,NA,NA,NA164800,Merluccius hubbsi,Animalia,Chordata,Actinopterygii,Gadiformes,Merlucciidae,Merluccius,hubbsi,ARGHAKE,Argentine hake,NA,NA,NA-999,Pseudocarcinus gigas,Animalia,Arthropoda,Malacostraca,Decapoda,Menippidae,Pseudocarcinus,gigas,TASGIANTCRAB,Tasmanian giant crab,NA,NA,NA168849,Lutjanus analis,Animalia,Chordata,Actinopterygii,Perciformes,Lutjanidae,Lutjanus,analis,MUTSNAP,Mutton snapper,NA,NA,NA552965,Palinurus gilchristi,Animalia,Arthropoda,Malacostraca,Decapoda,Palinuridae,Palinurus,gilchristi,SSLOBSTER,Southern spiny lobster,NA,NA,NA550662,Macruronus magellanicus,Animalia,Chordata,Actinopterygii,Gadiformes,Merlucciidae,Macruronus,magellanicus,PATGRENADIER,Patagonian grenadier,Merluza de cola,NA,NA164797,Merluccius australis,Animalia,Chordata,Actinopterygii,Gadiformes,Merlucciinae,Merluccius,australis,SOUTHHAKE,Southern hake,NA,NA,NA644604,Sebastes variabilis,Animalia,Chordata,Actinopterygii,Scorpaeniformes,Scorpaenidae,Sebastes,variabilis,DUSROCK,Dusky rockfish,NA,NA,NA-997,Haliotis iris,Animalia,Mollusca,Gastropoda,Archaeogastropoda,Haliotididae,Haliotis,iris,BFOOTABALONE,Blackfoot abalone,NA,NA,NA98429,Chionoecetes bairdi,Animalia,Arthropoda,Malacostraca,Decapoda,Oregoniidae,Chionoecetes,bairdi,TANNERCRAB,Tanner crab,NA,NA,NA552953,Jasus lalandii,Animalia,Arthropoda,Malacostraca,Decapoda,Palinuridae,Jasus,lalandii,CRLOBSTER,South African west coast rock lobster,Cape rock lobster,NA,NA660179,Lithodes aequispinus,Animalia,Arthropoda,Malacostraca,Decapoda,Lithodidae,Lithodes,aequispinus,GKINGCRAB,Golden king crab,NA,NA,NA625280,Pseudocyttus maculatus,Animalia,Chordata,Actinopterygii,Zeiformes,Oreosomatidae,Pseudocyttus,maculatus,SMOOTHOREO,Smooth oreo,NA,NA,NA-996,Haliotis spp,Animalia,Mollusca,Gastropoda,Archaeogastropoda,Haliotididae,Haliotis,NA,PAUA,Paua,New Zealand abalone species,NA,NA660225,Jasus edwardsii,Animalia,Arthropoda,Malacostraca,Decapoda,Palinuridae,Jasus,edwardsii,RROCKLOBSTER,Red rock lobster,NA,NA,NA625296,Allocyttus niger,Animalia,Chordata,Actinopterygii,Zeiformes,Oreosomatidae,Allocyttus,niger,BLACKOREO,Black oreo,NA,NA,NA165000,Genypterus blacodes,Animalia,Chordata,Actinopterygii,Ophidiiformes,Ophidiidae,Genypterus,blacodes,NZLING,New Zealand ling,NA,NA,NA168641,Pseudocaranx dentex,Animalia,Chordata,Actinopterygii,Perciformes,Carangidae,Pseudocaranx,dentex,TREVALLY,Trevally,White trevally,NA,NA164796,Merluccius paradoxus,Animalia,Chordata,Actinopterygii,Gadiformes,Merlucciidae,Merluccius,paradoxus,DEEPCHAKE,Deep-water cape hake,Deep-water hake,NA,NA169283,Micropogonias undulatus,Animalia,Chordata,Actinopterygii,Perciformes,Sciaenidae,Micropogonias,undulatus,ATLCROAK,Atlantic croaker,NA,NA,NA642807,Dissostichus eleginoides,Animalia,Chordata,Actinopterygii,Perciformes,Nototheniidae,Dissostichus,eleginoides,PTOOTHFISH,Patagonian toothfish,NA,NA,NA168597,Trachurus murphyi,Animalia,Chordata,Actinopterygii,Perciformes,Carangidae,Trachurus,murphyi,CHTRAC,Chilean jack mackerel,NA,NA,NA168907,Ocyurus chrysurus,Animalia,Chordata,Actinopterygii,Perciformes,Lutjanidae,Ocyurus,chrysurus,YTSNAP,Yellowtail snapper,NA,NA,NA166720,Sebastes flavidus,Animalia,Chordata,Actinopterygii,Scorpaeniformes,Scorpaenidae,Sebastes,flavidus,YTROCK,Yellowtail rockfish,NA,NA,NA167116,Ophiodon elongatus,Animalia,Chordata,Actinopterygii,Scorpaeniformes,Hexagrammidae,Ophiodon,elongatus,LINGCOD,Lingcod,NA,NA,NA166728,Sebastes melanostomus,Animalia,Chordata,Actinopterygii,Scorpaeniformes,Scorpaenidae,Sebastes,melanostomus,BGROCK,Blackgill rockfish,NA,NA,NA166783,Sebastolobus alascanus,Animalia,Chordata,Actinopterygii,Scorpaeniformes,Scorpaenidae,Sebastolobus,alascanus,SSTHORNH,Shortspine thornyhead,NA,NA,NA166784,Sebastolobus altivelis,Animalia,Chordata,Actinopterygii,Scorpaeniformes,Scorpaenidae,Sebastolobus,altivelis,LSTHORNH,Longspine thornyhead,NA,NA,NA-995,Haliotis midae,Animalia,Mollusca,Gastropoda,Archaeogastropoda,Haliotididae,Haliotis,midae,SAABALONE,South African abalone,NA,NA,NA-998,Redfish species,Animalia,Chordata,Actinopterygii,Scorpaeniformes,Scorpaenidae,NA,NA,REDFISHSPP,Redfish species,NA,NA,NA168827,Arripis trutta,Animalia,Chordata,Actinopterygii,Perciformes,Arripidae,Arripis,trutta,AUSSALMON,Australian salmon,NA,NA,NA167110,Hexagrammos decagrammus,Animalia,Chordata,Actinopterygii,Scorpaeniformes,Hexagrammidae,Hexagrammos,decagrammus,KELPGREENLING,Kelp greenling,NA,NA,NA642808,Dissostichus mawsoni,Animalia,Chordata,Actinopterygii,Perciformes,Nototheniidae,Dissostichus,mawsoni,ATOOTHFISH,Antarctic toothfish,NA,NA,NA159924,Isurus oxyrinchus,Animalia,Chordata,Chondrichthyes,Lamniformes,Lamnidae,Isurus,oxyrinchus,SFMAKO,Shortfin mako,NA,NA,NA169241,Cynoscion regalis,Animalia,Chordata,Actinopterygii,Perciformes,Sciaenidae,Cynoscion,regalis,WEAKFISH,Weakfish,NA,NA,NA165001,Genypterus capensis,Animalia,Chordata,Actinopterygii,Ophidiiformes,Ophidiidae,Genypterus,capensis,KINGKLIP,Kingklip,NA,NA,NA768127,Kajikia audax,Animalia,Chordata,Actinopterygii,Perciformes,Istiophoridae,Kajikia,audax,STMARLIN,Striped marlin,Pacific striped marlin,NULL,NULL551220,Clupeonella engrauliformis,Animalia,Chordata,Actinopterygii,Clupeiformes,Clupeidae,Clupeonella,engrauliformis,ANCHOVYKILKA,Anchovy kilka,Anchovy sprat,NULL,NULL